<?xml version="1.0" encoding="UTF-8" standalone="no" ?>
<SimscapeMultibodyImportXML version="2.0" xmlns="urn:mathworks:SimscapeMultibody:import" xmlns:xsi="http://www.w3.org/2001/XMLSchema-instance">
<Created by="" on="11/18/21||17:04:20" using="Simscape Multibody Link Version 7.4" from="SolidWorks 28.3.0"/>
<ModelUnits mass="kilogram" length="millimeter"/>
<DataUnits mass="kilogram" length="meter"/>
<RootAssembly name="Assem1" uid="Assem1" version="443">
<AssemblyFile name="Assem1.SLDASM" type="SolidWorks Assembly"/>
<InstanceTree>
<Instance name="Wheel-2" uid="Wheel-2" entityUid="Wheel*:*Default">
<Transform>
<Rotation>0 -1 1.3357370765021314e-16 0.99999257055268231 0 -0.0038547165185964898 0.0038547165185965032 1.405116349513697e-16 0.99999257055268231</Rotation>
<Translation>0.0012315850632623993 0.091133587905448593 0.20614852083668114</Translation>
</Transform>
</Instance>
<Instance name="Wheel-1" uid="Wheel-1" entityUid="Wheel*:*Default">
<Transform>
<Rotation>0 -1 1.2787604519273141e-16 0.98287361617851443 0 0.18428091225129681 -0.18428091225129681 1.3010426069826006e-16 0.98287361617851443</Rotation>
<Translation>0.14123158506326242 0.091133587905448579 0.20614852083668117</Translation>
</Transform>
</Instance>
<Instance name="Rear_axle-1" uid="Rear_axle-1" entityUid="Rear_axle*:*Default">
<Transform>
<Rotation>-1.3010426069825817e-16 0 1 1.6653345369377348e-16 1 0 -1 1.6653345369377348e-16 -1.3010426069825821e-16</Rotation>
<Translation>0.14823158506326251 0.091133587905448565 0.20614852083668112</Translation>
</Transform>
</Instance>
<Instance name="Frame-1" uid="Frame-1" grounded="true" entityUid="Frame*:*Default">
<Transform>
<Rotation>1 0 0 0 1 0 0 0 1</Rotation>
<Translation>0.0087315850632624092 0.1301335879054486 0.19614852083668113</Translation>
</Transform>
</Instance>
<Instance name="Pin-1" uid="Pin-1" entityUid="Pin*:*Default">
<Transform>
<Rotation>1 0 0 0 1 0 0 0 1</Rotation>
<Translation>0.071231585063262409 0.1121335879054486 0.062531670836681125</Translation>
</Transform>
</Instance>
<Instance name="Front_axle-2" uid="Front_axle-2" entityUid="Front_axle*:*Default">
<Transform>
<Rotation>-0.88901672238775165 0.43417319654069264 -0.14540599272580293 0.16141345993139231 2.8778321254803081e-16 -0.98688687039243594 -0.42847982714232413 -0.90082941526442017 -0.070081397863105854</Rotation>
<Translation>0.057772215970500779 0.089133587905448577 0.090457382709878645</Translation>
</Transform>
</Instance>
<Instance name="Wheel-4" uid="Wheel-4" entityUid="Wheel*:*Default">
<Transform>
<Rotation>-0.67494954737359714 -0.4341731965406927 -0.59660434452475586 -0.66228337398333581 -2.7706789010149491e-16 0.74925345013903621 -0.32530576546600792 0.90082941526442017 -0.28754568949809978</Rotation>
<Translation>0.062548121132448342 0.089133587905448591 0.08054825914196985</Translation>
</Transform>
</Instance>
<Instance name="Wheel_frame-1" uid="Wheel_frame-1" entityUid="Wheel_frame*:*Default">
<Transform>
<Rotation>-0.43417319654069236 -9.9967098611517297e-16 -0.90082941526442029 -3.2187415224881893e-16 1 -9.5458900650692527e-16 0.90082941526442029 -1.2450325597868116e-16 -0.43417319654069236</Rotation>
<Translation>0.066455679901314665 0.0671335879054486 0.072440794404590073</Translation>
</Transform>
</Instance>
</InstanceTree>
<Constraints>
<Concentric name="Concentric1">
<ConstraintGeometry geomType="cylinder">
<InstancePath>
<Uid>Frame-1</Uid>
</InstancePath>
<Position>0.12750000000000003 -0.039000000000000007 0.0099999999999999811</Position>
<Axis>-1 0 1.3010426069826053e-16</Axis>
</ConstraintGeometry>
<ConstraintGeometry geomType="cylinder">
<InstancePath>
<Uid>Rear_axle-1</Uid>
</InstancePath>
<Position>0 0 0</Position>
<Axis>0 0 1</Axis>
</ConstraintGeometry>
</Concentric>
<Concentric name="Concentric2">
<ConstraintGeometry geomType="cylinder">
<InstancePath>
<Uid>Rear_axle-1</Uid>
</InstancePath>
<Position>0 0 0</Position>
<Axis>0 0 1</Axis>
</ConstraintGeometry>
<ConstraintGeometry geomType="cylinder">
<InstancePath>
<Uid>Wheel-1</Uid>
</InstancePath>
<Position>0 -0.0050000000000000044 0</Position>
<Axis>0 1 0</Axis>
</ConstraintGeometry>
</Concentric>
<Coincident name="Coincident2">
<ConstraintGeometry geomType="plane">
<InstancePath>
<Uid>Rear_axle-1</Uid>
</InstancePath>
<Position>0.0035000000000000031 0 -0.0020000000000000018</Position>
<Axis>0 0 -1</Axis>
</ConstraintGeometry>
<ConstraintGeometry geomType="plane">
<InstancePath>
<Uid>Wheel-1</Uid>
</InstancePath>
<Position>0 -0.0050000000000000044 0</Position>
<Axis>0 -1 0</Axis>
</ConstraintGeometry>
</Coincident>
<Concentric name="Concentric3">
<ConstraintGeometry geomType="cylinder">
<InstancePath>
<Uid>Rear_axle-1</Uid>
</InstancePath>
<Position>0 0 0</Position>
<Axis>0 0 1</Axis>
</ConstraintGeometry>
<ConstraintGeometry geomType="cylinder">
<InstancePath>
<Uid>Wheel-2</Uid>
</InstancePath>
<Position>0 -0.0050000000000000001 0</Position>
<Axis>0 1 0</Axis>
</ConstraintGeometry>
</Concentric>
<Coincident name="Coincident3">
<ConstraintGeometry geomType="plane">
<InstancePath>
<Uid>Rear_axle-1</Uid>
</InstancePath>
<Position>0.0035000000000000031 0 -0.15200000000000002</Position>
<Axis>0 0 1</Axis>
</ConstraintGeometry>
<ConstraintGeometry geomType="plane">
<InstancePath>
<Uid>Wheel-2</Uid>
</InstancePath>
<Position>0 0.0050000000000000001 0</Position>
<Axis>0 1 0</Axis>
</ConstraintGeometry>
</Coincident>
<Coincident name="Coincident4">
<ConstraintGeometry geomType="plane">
<InstancePath>
<Uid>Frame-1</Uid>
</InstancePath>
<Position>0.1275 0.0040000000000000036 0</Position>
<Axis>1 0 0</Axis>
</ConstraintGeometry>
<ConstraintGeometry geomType="plane">
<InstancePath>
<Uid>Wheel-1</Uid>
</InstancePath>
<Position>0 0.0050000000000000044 0</Position>
<Axis>0 1 0</Axis>
</ConstraintGeometry>
</Coincident>
<Concentric name="Concentric4">
<ConstraintGeometry geomType="cylinder">
<InstancePath>
<Uid>Frame-1</Uid>
</InstancePath>
<Position>0.0625 -0.043999999999999997 -0.13361685000000001</Position>
<Axis>0 1 0</Axis>
</ConstraintGeometry>
<ConstraintGeometry geomType="cylinder">
<InstancePath>
<Uid>Pin-1</Uid>
</InstancePath>
<Position>0 0 0</Position>
<Axis>0 -1 0</Axis>
</ConstraintGeometry>
</Concentric>
<Coincident name="Coincident5">
<ConstraintGeometry geomType="plane">
<InstancePath>
<Uid>Frame-1</Uid>
</InstancePath>
<Position>0 0 0</Position>
<Axis>0 -1 0</Axis>
</ConstraintGeometry>
<ConstraintGeometry geomType="plane">
<InstancePath>
<Uid>Pin-1</Uid>
</InstancePath>
<Position>0.0030000000000000027 0.018000000000000002 0</Position>
<Axis>0 1 0</Axis>
</ConstraintGeometry>
</Coincident>
<Concentric name="Concentric5">
<ConstraintGeometry geomType="cylinder">
<InstancePath>
<Uid>Pin-1</Uid>
</InstancePath>
<Position>0 0 0</Position>
<Axis>0 -1 0</Axis>
</ConstraintGeometry>
<ConstraintGeometry geomType="cylinder">
<InstancePath>
<Uid>Wheel_frame-1</Uid>
</InstancePath>
<Position>-0.011000000000000038 -1.0000000000010001e-06 0</Position>
<Axis>0 1 0</Axis>
</ConstraintGeometry>
</Concentric>
<Coincident name="Coincident6">
<ConstraintGeometry geomType="plane">
<InstancePath>
<Uid>Pin-1</Uid>
</InstancePath>
<Position>0.0015000000000000013 0.0069999999999999923 0</Position>
<Axis>0 -1 0</Axis>
</ConstraintGeometry>
<ConstraintGeometry geomType="plane">
<InstancePath>
<Uid>Wheel_frame-1</Uid>
</InstancePath>
<Position>0 0.051999999999999991 0</Position>
<Axis>0 1 0</Axis>
</ConstraintGeometry>
</Coincident>
<Concentric name="Concentric8">
<ConstraintGeometry geomType="cylinder">
<InstancePath>
<Uid>Wheel_frame-1</Uid>
</InstancePath>
<Position>-0.018000000000000044 0.022000000000000006 0</Position>
<Axis>1 0 0</Axis>
</ConstraintGeometry>
<ConstraintGeometry geomType="cylinder">
<InstancePath>
<Uid>Front_axle-2</Uid>
</InstancePath>
<Position>0 0 0</Position>
<Axis>0 1 0</Axis>
</ConstraintGeometry>
</Concentric>
<Coincident name="Coincident9">
<ConstraintGeometry geomType="plane">
<InstancePath>
<Uid>Wheel_frame-1</Uid>
</InstancePath>
<Position>0.017999999999999947 0.051999999999999991 0.025000000000000105</Position>
<Axis>1 0 0</Axis>
</ConstraintGeometry>
<ConstraintGeometry geomType="plane">
<InstancePath>
<Uid>Front_axle-2</Uid>
</InstancePath>
<Position>0.0034999999999999892 0.0020000000000000087 0</Position>
<Axis>0 1 0</Axis>
</ConstraintGeometry>
</Coincident>
<Concentric name="Concentric9">
<ConstraintGeometry geomType="cylinder">
<InstancePath>
<Uid>Front_axle-2</Uid>
</InstancePath>
<Position>0 0 0</Position>
<Axis>0 1 0</Axis>
</ConstraintGeometry>
<ConstraintGeometry geomType="cylinder">
<InstancePath>
<Uid>Wheel-4</Uid>
</InstancePath>
<Position>0 -0.0050000000000000114 0</Position>
<Axis>0 1 0</Axis>
</ConstraintGeometry>
</Concentric>
<Coincident name="Coincident10">
<ConstraintGeometry geomType="plane">
<InstancePath>
<Uid>Front_axle-2</Uid>
</InstancePath>
<Position>0.0035000000000000031 0.0060000000000000123 0</Position>
<Axis>0 1 0</Axis>
</ConstraintGeometry>
<ConstraintGeometry geomType="plane">
<InstancePath>
<Uid>Wheel-4</Uid>
</InstancePath>
<Position>0 0.0050000000000000114 0</Position>
<Axis>0 1 0</Axis>
</ConstraintGeometry>
</Coincident>
<Parallel name="Parallel3">
<ConstraintGeometry geomType="plane">
<InstancePath>
<Uid>Frame-1</Uid>
</InstancePath>
<Position>0 0.0020000000000000018 0</Position>
<Axis>0 1 0</Axis>
</ConstraintGeometry>
<ConstraintGeometry geomType="line">
<InstancePath>
<Uid>Rear_axle-1</Uid>
</InstancePath>
<Position>0 0 -0.14700000000000002</Position>
<Axis>1 0 0</Axis>
</ConstraintGeometry>
</Parallel>
<Concentric name="Concentric10">
<ConstraintGeometry geomType="cylinder">
<InstancePath>
<Uid>Wheel_frame-1</Uid>
</InstancePath>
<Position>-0.018000000000000044 0.022000000000000006 0</Position>
<Axis>1 0 0</Axis>
</ConstraintGeometry>
<ConstraintGeometry geomType="cylinder">
<InstancePath>
<Uid>Assem1</Uid>
</InstancePath>
<Position>0.073402451045966183 0.089133587905448564 0.058027523760358884</Position>
<Axis>0.43417319654069325 1.1527081119303648e-15 -0.90082941526441984</Axis>
</ConstraintGeometry>
</Concentric>
<Coincident name="Coincident20">
<ConstraintGeometry geomType="plane">
<InstancePath>
<Uid>Wheel_frame-1</Uid>
</InstancePath>
<Position>-0.01800000000000004 0.052000000000000018 0.025000000000000105</Position>
<Axis>-1 0 0</Axis>
</ConstraintGeometry>
<ConstraintGeometry geomType="plane">
<InstancePath>
<Uid>Assem1</Uid>
</InstancePath>
<Position>0.074270797439047562 0.097633587905448557 0.056225864929830047</Position>
<Axis>-0.43417319654069325 -1.1527081119303648e-15 0.90082941526441984</Axis>
</ConstraintGeometry>
</Coincident>
<Parallel name="Parallel6">
<ConstraintGeometry geomType="plane">
<InstancePath>
<Uid>Wheel_frame-1</Uid>
</InstancePath>
<Position>0 0.051999999999999991 0</Position>
<Axis>0 1 0</Axis>
</ConstraintGeometry>
<ConstraintGeometry geomType="plane">
<InstancePath>
<Uid>Assem1</Uid>
</InstancePath>
<Position>0.079263789199265522 0.11461358790544858 0.045866326654289233</Position>
<Axis>-1.1734316880300001e-15 1 7.1404809181040135e-16</Axis>
</ConstraintGeometry>
</Parallel>
</Constraints>
</RootAssembly>
<Assemblies>
</Assemblies>
<Parts>
<Part name="Frame" uid="Frame*:*Default" version="742">
<ModelUnits mass="kilogram" length="millimeter"/>
<PartFile name="Frame.SLDPRT" type="SolidWorks Part"/>
<MassProperties>
<Mass>0.036151721525410165</Mass>
<CenterOfMass>0.062499999999999882 -0.0017256104781059451 -0.030385263580843997</CenterOfMass>
<Inertia>7.8641918080229008e-05 0.0001212974051558058 4.8648970022065397e-05 1.9306382184877776e-06 0 0</Inertia>
</MassProperties>
<GeometryFile name="Frame_Default_sldprt.STEP" type="STEP"/>
<VisualProperties>
<Ambient r="0.792156862745098" g="0.81960784313725488" b="0.93333333333333335" a="1"/>
<Diffuse r="0.792156862745098" g="0.81960784313725488" b="0.93333333333333335" a="1"/>
<Specular r="0.396078431372549" g="0.40980392156862744" b="0.46666666666666667" a="1"/>
<Emissive r="0" g="0" b="0" a="1"/>
<Shininess>0.40000000596046448</Shininess>
</VisualProperties>
</Part>
<Part name="Front_axle" uid="Front_axle*:*Default" version="145">
<ModelUnits mass="kilogram" length="millimeter"/>
<PartFile name="Front_axle.SLDPRT" type="SolidWorks Part"/>
<MassProperties>
<Mass>0.0006628760499074463</Mass>
<CenterOfMass>0 0.012919431279620853 0</CenterOfMass>
<Inertia>4.6328756363451725e-08 2.7642088360773186e-09 4.6328756363451732e-08 0 0 0</Inertia>
</MassProperties>
<GeometryFile name="Front_axle_Default_sldprt.STEP" type="STEP"/>
<VisualProperties>
<Ambient r="0.792156862745098" g="0.81960784313725488" b="0.93333333333333335" a="1"/>
<Diffuse r="0.792156862745098" g="0.81960784313725488" b="0.93333333333333335" a="1"/>
<Specular r="0.396078431372549" g="0.40980392156862744" b="0.46666666666666667" a="1"/>
<Emissive r="0" g="0" b="0" a="1"/>
<Shininess>0.40000000596046448</Shininess>
</VisualProperties>
</Part>
<Part name="Pin" uid="Pin*:*Default" version="123">
<ModelUnits mass="kilogram" length="millimeter"/>
<PartFile name="Pin.SLDPRT" type="SolidWorks Part"/>
<MassProperties>
<Mass>0.0003463605900582749</Mass>
<CenterOfMass>0 0.012499999999999995 0</CenterOfMass>
<Inertia>2.2772472485553377e-08 1.1530626786378785e-09 2.2772472485553377e-08 0 0 0</Inertia>
</MassProperties>
<GeometryFile name="Pin_Default_sldprt.STEP" type="STEP"/>
<VisualProperties>
<Ambient r="0.792156862745098" g="0.81960784313725488" b="0.93333333333333335" a="1"/>
<Diffuse r="0.792156862745098" g="0.81960784313725488" b="0.93333333333333335" a="1"/>
<Specular r="0.396078431372549" g="0.40980392156862744" b="0.46666666666666667" a="1"/>
<Emissive r="0" g="0" b="0" a="1"/>
<Shininess>0.40000000596046448</Shininess>
</VisualProperties>
</Part>
<Part name="Rear_axle" uid="Rear_axle*:*Default" version="137">
<ModelUnits mass="kilogram" length="millimeter"/>
<PartFile name="Rear_axle.SLDPRT" type="SolidWorks Part"/>
<MassProperties>
<Mass>0.003099181152766332</Mass>
<CenterOfMass>0 0 -0.077000000000000013</CenterOfMass>
<Inertia>6.4166016458691537e-06 6.4166016458691537e-06 1.014675522247249e-08 0 0 0</Inertia>
</MassProperties>
<GeometryFile name="Rear_axle_Default_sldprt.STEP" type="STEP"/>
<VisualProperties>
<Ambient r="0.792156862745098" g="0.81960784313725488" b="0.93333333333333335" a="1"/>
<Diffuse r="0.792156862745098" g="0.81960784313725488" b="0.93333333333333335" a="1"/>
<Specular r="0.396078431372549" g="0.40980392156862744" b="0.46666666666666667" a="1"/>
<Emissive r="0" g="0" b="0" a="1"/>
<Shininess>0.40000000596046448</Shininess>
</VisualProperties>
</Part>
<Part name="Wheel" uid="Wheel*:*Default" version="143">
<ModelUnits mass="kilogram" length="millimeter"/>
<PartFile name="Wheel.SLDPRT" type="SolidWorks Part"/>
<MassProperties>
<Mass>0.01079922474671491</Mass>
<CenterOfMass>0 0 0</CenterOfMass>
<Inertia>2.1549403014371824e-06 4.1644510429519377e-06 2.1549403014371832e-06 0 0 0</Inertia>
</MassProperties>
<GeometryFile name="Wheel_Default_sldprt.STEP" type="STEP"/>
<VisualProperties>
<Ambient r="0.792156862745098" g="0.81960784313725488" b="0.93333333333333335" a="1"/>
<Diffuse r="0.792156862745098" g="0.81960784313725488" b="0.93333333333333335" a="1"/>
<Specular r="0.396078431372549" g="0.40980392156862744" b="0.46666666666666667" a="1"/>
<Emissive r="0" g="0" b="0" a="1"/>
<Shininess>0.40000000596046448</Shininess>
</VisualProperties>
</Part>
<Part name="Wheel_frame" uid="Wheel_frame*:*Default" version="257">
<ModelUnits mass="kilogram" length="millimeter"/>
<PartFile name="Wheel_frame.SLDPRT" type="SolidWorks Part"/>
<MassProperties>
<Mass>0.009573976043501126</Mass>
<CenterOfMass>-0.002841208380956018 0.03281238117292621 0</CenterOfMass>
<Inertia>3.9292993007390365e-06 3.3054863690616301e-06 4.9216855512727459e-06 0 0 -1.5528137054891421e-07</Inertia>
</MassProperties>
<GeometryFile name="Wheel_frame_Default_sldprt.STEP" type="STEP"/>
<VisualProperties>
<Ambient r="0.792156862745098" g="0.81960784313725488" b="0.93333333333333335" a="1"/>
<Diffuse r="0.792156862745098" g="0.81960784313725488" b="0.93333333333333335" a="1"/>
<Specular r="0.396078431372549" g="0.40980392156862744" b="0.46666666666666667" a="1"/>
<Emissive r="0" g="0" b="0" a="1"/>
<Shininess>0.40000000596046448</Shininess>
</VisualProperties>
</Part>
</Parts>
</SimscapeMultibodyImportXML>
